gi|77404693|ref|NC_007489.1|_Rhodobacter_sphaeroides_2.4.1_plasmid_C__complete_sequence	NODE_28_length_1484_cov_266.141_ID_9447822	NODE_15_length_73253_cov_163.551_ID_9449354	NODE_19_length_26239_cov_162.101_ID_9449534	NODE_29_length_1336_cov_151.435_ID_9445332	NODE_33_length_936_cov_358.716_ID_9449222	NODE_37_length_560_cov_218.069_ID_9449536
gi|77464988|ref|NC_007494.1|_Rhodobacter_sphaeroides_2.4.1_chromosome_2__complete_sequence	NODE_6_length_401002_cov_60.4435_ID_9449810	NODE_6_length_401002_cov_60.4435_ID_9449810	NODE_18_length_28457_cov_72.5745_ID_9448562	NODE_10_length_133070_cov_65.2531_ID_9449504	NODE_10_length_133070_cov_65.2531_ID_9449504	NODE_11_length_128011_cov_62.8212_ID_9449406	NODE_23_length_5755_cov_386.506_ID_9439094	NODE_23_length_5755_cov_386.506_ID_9439094	NODE_27_length_1606_cov_685.172_ID_9448630	NODE_8_length_204947_cov_65.5376_ID_9449638	NODE_8_length_204947_cov_65.5376_ID_9449638	NODE_7_length_235182_cov_73.14_ID_9449728	NODE_31_length_1136_cov_111.917_ID_9355248
gi|77461965|ref|NC_007493.1|_Rhodobacter_sphaeroides_2.4.1_chromosome_1__complete_sequence	NODE_5_length_492976_cov_62.9673_ID_9449634	NODE_5_length_492976_cov_62.9673_ID_9449634	NODE_5_length_492976_cov_62.9673_ID_9449634	NODE_40_length_518_cov_60.7263_ID_9418256	NODE_14_length_104073_cov_69.3062_ID_9449636	NODE_35_length_581_cov_176.491_ID_9449182	NODE_2_length_606329_cov_67.4596_ID_9448834	NODE_9_length_143159_cov_64.3507_ID_9449444	NODE_1_length_739647_cov_67.744_ID_9449498	NODE_4_length_518052_cov_66.9576_ID_9449448	NODE_3_length_551192_cov_67.0042_ID_9449470	NODE_20_length_24167_cov_56.2058_ID_9448770
gi|77404592|ref|NC_007488.1|_Rhodobacter_sphaeroides_2.4.1_plasmid_B__complete_sequence	NODE_13_length_112826_cov_107.98_ID_9449606	NODE_13_length_112826_cov_107.98_ID_9449606	NODE_13_length_112826_cov_107.98_ID_9449606
gi|125654605|ref|NC_009007.1|_Rhodobacter_sphaeroides_2.4.1_plasmid_A__partial_sequence	NODE_25_length_3391_cov_178.588_ID_9449612	NODE_24_length_4223_cov_240.093_ID_9449746	NODE_39_length_536_cov_66.0782_ID_9368592	NODE_12_length_123003_cov_194.815_ID_9449652	NODE_12_length_123003_cov_194.815_ID_9449652	NODE_12_length_123003_cov_194.815_ID_9449652	NODE_22_length_6280_cov_183.641_ID_9449310	NODE_21_length_9569_cov_343.376_ID_9449400	NODE_17_length_35406_cov_172.302_ID_9445986
gi|125654693|ref|NC_009008.1|_Rhodobacter_sphaeroides_2.4.1_plasmid_E__partial_sequence	NODE_13_length_112826_cov_107.98_ID_9449606	NODE_12_length_123003_cov_194.815_ID_9449652	NODE_12_length_123003_cov_194.815_ID_9449652
gi|77404776|ref|NC_007490.1|_Rhodobacter_sphaeroides_2.4.1_plasmid_D__complete_sequence	NODE_34_length_874_cov_284.971_ID_9449586	NODE_16_length_55361_cov_254.864_ID_9449308	NODE_32_length_1033_cov_314.136_ID_9394094	NODE_26_length_2981_cov_186.813_ID_9449540	NODE_26_length_2981_cov_186.813_ID_9449540	NODE_30_length_1336_cov_148.361_ID_9448228	NODE_38_length_560_cov_249.199_ID_9449380	NODE_21_length_9569_cov_343.376_ID_9449400	NODE_21_length_9569_cov_343.376_ID_9449400	NODE_17_length_35406_cov_172.302_ID_9445986
