Burkholderia_mallei_ATCC_10399_gi_254175791_ref_NZ_	C8223903__2.0	C8228311__1.0	C8232901__2.0	scaffold2997__3.0	scaffold4397__1.8	scaffold5584__2.0	scaffold7037__2.7	scaffold7097__1.6	scaffold7582__2.7	scaffold7996__1.7	scaffold8008__4.6	scaffold8029__2.5	scaffold8049__1.5	scaffold8481__3.3	scaffold9997__2.0	scaffold11014__2.0	C8216857__3.0	C8218025__2.0	C8219829__2.0	C8220785__2.0	C8222555__2.0	C8222693__2.0	C8222939__2.0	C8223741__2.0	C8224337__2.0	C8225289__3.0	C8225537__2.0	C8226507__2.0	C8227357__3.0	C8228827__2.0	C8230431__4.0	C8236487__2.0	C8236747__3.0	C8236773__2.0	C8238369__3.0	C8238739__1.0	C8239433__2.0	C8239457__2.0	C8243711__2.0	C8244183__2.0	C8244473__2.0	C8245831__3.0	C8247803__2.0	C8253473__2.0	C8254077__3.0	C8259931__2.0	C8261013__2.0
Burkholderia_mallei_ATCC_10399_gi_254179245_ref_NZ_	C8213325__1.0
Burkholderia_mallei_ATCC_10399_gi_254175876_ref_NZ_	C8257977__3.0	scaffold321__2.0	scaffold413__2.1	scaffold745__2.9	scaffold1264__3.0	scaffold1417__3.4	scaffold1730__2.0	scaffold2004__2.9	scaffold2011__2.0	scaffold2020__2.8	scaffold2712__2.0	scaffold2980__2.7	scaffold3209__2.1	scaffold3226__2.2	scaffold3395__4.2	scaffold3476__2.1	scaffold3496__2.0	scaffold3553__3.6	scaffold3650__2.8	scaffold4177__3.0	scaffold4181__2.2	scaffold4420__1.7	scaffold4431__2.0	scaffold4687__2.0	scaffold4697__2.2	scaffold4907__1.8	scaffold4928__2.0	scaffold4970__2.6	scaffold4972__2.6	scaffold5092__1.8	scaffold5097__1.0	scaffold5651__1.8	scaffold5685__2.6	scaffold5758__2.8	scaffold5789__1.7	scaffold5897__1.8	scaffold6009__2.2	scaffold6107__2.2	scaffold6138__2.0	scaffold6382__2.9	scaffold6440__2.8	scaffold6459__3.4	scaffold6490__2.7	scaffold6506__1.2	scaffold6518__2.0	scaffold6566__3.0	scaffold6660__3.5	scaffold6682__2.0	scaffold6802__2.9	scaffold6830__1.8	scaffold6964__2.2	scaffold7158__2.6	scaffold7245__2.7	scaffold7249__2.7	scaffold7255__1.3	scaffold7290__2.8	scaffold7424__3.0	scaffold7587__1.0	scaffold7603__2.0	scaffold7632__2.0	scaffold7796__2.3	scaffold7976__2.5	scaffold7988__5.9	scaffold8058__3.0	scaffold8065__1.0	scaffold8088__2.0	scaffold8303__2.5	scaffold8341__2.7	scaffold8345__1.5	scaffold8420__2.4	scaffold8434__4.7	scaffold8479__2.0	scaffold8502__2.3	scaffold8567__2.0	scaffold8565__2.0	scaffold8617__2.4	scaffold8640__1.5	scaffold8817__1.3	scaffold8881__2.2	scaffold8919__2.0	scaffold8930__2.3	scaffold8974__3.4	scaffold9041__2.1	scaffold9065__1.5	scaffold9191__2.5	scaffold9363__1.7	scaffold9550__1.6	scaffold9575__1.5	scaffold9616__3.0	scaffold9740__3.1	scaffold9888__2.6	scaffold9969__2.4	scaffold10124__2.0	scaffold10209__1.7	scaffold10356__2.6	scaffold10464__2.5	scaffold10636__3.0	scaffold10773__3.0	scaffold10810__2.0	scaffold11339__2.6	C8212965__3.0	C8213001__2.0	C8213389__1.0	C8213399__1.0	C8213557__2.0	C8213571__1.0	C8213807__2.0	C8213869__3.0	C8214233__3.0	C8214397__2.0	C8214453__3.0	C8214555__4.0	C8214737__3.0	C8215079__1.0	C8215103__2.0	C8215135__3.0	C8215531__3.0	C8215889__2.0	C8215987__2.0	C8215989__2.0	C8216093__2.0	C8216107__2.0	C8216269__2.0	C8216321__2.0	C8216455__1.0	C8216673__2.0	C8216713__3.0	C8216861__2.0	C8217021__2.0	C8217107__2.0	C8217201__2.0	C8217479__2.0	C8217659__1.0	C8217741__2.0	C8217975__3.0	C8218373__4.0	C8218823__3.0	C8219001__2.0	C8219015__2.0	C8219263__4.0	C8219365__3.0	C8219641__2.0	C8219657__2.0	C8219933__1.0	C8220151__2.0	C8220273__2.0	C8220459__2.0	C8220529__2.0	C8220531__2.0	C8220601__1.0	C8220895__3.0	C8221243__3.0	C8221425__1.0	C8221577__2.0	C8221931__2.0	C8221943__3.0	C8221959__2.0	C8222193__2.0	C8222275__4.0	C8222477__2.0	C8223439__2.0	C8224047__2.0	C8224371__2.0	C8224375__3.0	C8224393__2.0	C8224509__2.0	C8224797__3.0	C8224951__2.0	C8224999__3.0	C8225111__3.0	C8225681__2.0	C8225837__1.0	C8225923__2.0	C8226043__4.0	C8226273__2.0	C8226337__3.0	C8226349__2.0	C8226875__1.0	C8227033__3.0	C8227179__2.0	C8227383__1.0	C8227581__2.0	C8227619__3.0	C8227743__2.0	C8228369__3.0	C8228445__3.0	C8228959__1.0	C8229145__2.0	C8229157__1.0	C8229221__3.0	C8229841__2.0	C8229863__2.0	C8229993__2.0	C8230027__2.0	C8230035__2.0	C8230251__1.0	C8230307__3.0	C8230343__2.0	C8230463__1.0	C8230833__1.0	C8230961__2.0	C8231279__2.0	C8231391__1.0	C8231431__2.0	C8231623__2.0	C8231873__2.0	C8232019__3.0	C8232039__2.0	C8232247__1.0	C8232479__2.0	C8232547__3.0	C8232673__2.0	C8232867__2.0	C8232897__1.0	C8233133__2.0	C8233539__3.0	C8233993__3.0	C8234559__2.0	C8234663__2.0	C8234703__2.0	C8234885__1.0	C8235087__2.0	C8235403__2.0	C8235663__3.0	C8235707__3.0	C8235727__2.0	C8235927__2.0	C8235975__2.0	C8236105__2.0	C8236213__2.0	C8236317__3.0	C8237045__2.0	C8237167__2.0	C8237325__3.0	C8237357__2.0	C8237579__2.0	C8237613__1.0	C8237619__4.0	C8237837__2.0	C8238429__2.0	C8238479__2.0	C8238615__3.0	C8238729__2.0	C8238775__1.0	C8238885__2.0	C8239071__2.0	C8239211__1.0	C8239215__3.0	C8239621__1.0	C8240267__2.0	C8240647__2.0	C8241007__1.0	C8241175__1.0	C8241797__3.0	C8241851__3.0	C8242733__2.0	C8243165__2.0	C8244177__2.0	C8244885__3.0	C8245363__2.0	C8245445__2.0	C8246411__3.0	C8246455__3.0	C8246823__3.0	C8246931__2.0	C8246987__3.0	C8247035__2.0	C8247217__2.0	C8247237__2.0	C8247387__2.0	C8247877__2.0	C8248035__2.0	C8248153__2.0	C8248529__2.0	C8248819__1.0	C8249165__2.0	C8249525__2.0	C8249889__3.0	C8249995__2.0	C8250051__2.0	C8250275__1.0	C8250339__2.0	C8250403__3.0	C8250957__2.0	C8251015__2.0	C8251235__3.0	C8251321__4.0	C8251389__3.0	C8251595__2.0	C8251749__2.0	C8251803__3.0	C8252049__3.0	C8252207__2.0	C8252571__2.0	C8253005__4.0	C8253553__3.0	C8254001__3.0	C8254007__2.0	C8254175__2.0	C8254777__2.0	C8255575__1.0	C8255747__2.0	C8257239__2.0	C8257989__3.0	C8258847__2.0	C8259563__2.0	C8260139__3.0	C8260249__3.0	C8260495__2.0	C8260635__2.0	C8261455__2.0	C8261555__2.0	C8262391__2.0	C8262483__2.0	C8263087__2.0	C8263501__2.0	C8265513__2.0	C8265545__2.0	C8266439__2.0	C8269943__2.0	C8270195__2.0	C8274795__1.0
Burkholderia_mallei_ATCC_10399_gi_254177163_ref_NZ_	scaffold1564__3.7	scaffold1680__3.0	scaffold2902__3.3	scaffold3802__2.0	scaffold4095__1.3	scaffold4572__2.1	scaffold4995__1.2	scaffold5298__2.0	scaffold5365__2.2	scaffold5799__1.8	scaffold6800__2.3	scaffold6801__3.0	scaffold7496__1.6	scaffold7519__3.7	scaffold7635__2.0	scaffold7671__1.4	scaffold7702__2.0	scaffold7757__2.0	scaffold7922__3.0	scaffold8504__3.0	scaffold8776__2.7	scaffold8949__2.5	scaffold9379__2.0	scaffold9512__1.5	scaffold9542__1.8	scaffold9646__1.6	scaffold9775__2.0	scaffold9909__2.0	scaffold10113__2.4	C8213031__2.0	C8213035__2.0	C8213203__3.0	C8214511__2.0	C8214569__3.0	C8215187__2.0	C8216301__2.0	C8216905__2.0	C8217231__1.0	C8217407__2.0	C8218115__2.0	C8218639__3.0	C8220069__2.0	C8221175__2.0	C8221491__2.0	C8222117__4.0	C8222245__1.0	C8223019__2.0	C8224127__2.0	C8224423__1.0	C8225403__1.0	C8225447__3.0	C8226219__5.0	C8227393__2.0	C8229535__2.0	C8230075__2.0	C8230097__2.0	C8230831__3.0	C8231793__2.0	C8232617__3.0	C8233311__2.0	C8233801__3.0	C8234151__2.0	C8234207__2.0	C8235191__3.0	C8235713__2.0	C8236867__3.0	C8237013__2.0	C8237175__2.0	C8237345__1.0	C8238187__2.0	C8239225__2.0	C8239923__1.0	C8240497__2.0	C8240679__2.0	C8243687__2.0	C8244713__2.0	C8245889__2.0	C8246387__3.0	C8247041__2.0	C8247165__2.0	C8248723__3.0	C8248995__3.0	C8250217__2.0	C8252469__2.0	C8253425__2.0	C8261655__1.0	C8263869__3.0	C8274183__1.0
Burkholderia_mallei_ATCC_10399_gi_254174059_ref_NZ_	scaffold8624__7.5	scaffold8988__3.5	scaffold8029__2.5	C8232897__1.0	scaffold149__2.1	scaffold305__2.0	scaffold467__2.0	scaffold658__2.8	scaffold941__2.9	scaffold1130__2.9	scaffold1538__2.0	scaffold2039__2.0	scaffold2051__1.1	scaffold2363__2.2	scaffold2531__2.2	scaffold2767__2.8	scaffold2807__2.9	scaffold3073__2.0	scaffold3199__3.8	scaffold3234__2.5	scaffold3278__2.0	scaffold3866__2.0	scaffold4261__3.0	scaffold4452__1.8	scaffold4691__2.0	scaffold4887__2.8	scaffold4910__2.1	scaffold5007__2.7	scaffold5103__2.0	scaffold5127__1.4	scaffold5214__1.8	scaffold5247__3.1	scaffold5271__2.7	scaffold5291__3.0	scaffold5341__2.0	scaffold5348__4.0	scaffold5435__2.0	scaffold5477__3.0	scaffold5481__1.8	scaffold5513__2.8	scaffold5699__2.2	scaffold5852__2.3	scaffold5877__1.0	scaffold5927__2.7	scaffold5998__3.8	scaffold5998__3.8	scaffold6050__3.0	scaffold6175__2.3	scaffold6447__2.0	scaffold6684__2.7	scaffold6747__1.9	scaffold6758__2.8	scaffold6818__3.0	scaffold6953__2.0	scaffold6961__2.0	scaffold7130__1.7	scaffold7156__2.5	scaffold7171__2.5	scaffold7267__1.5	scaffold7348__2.8	scaffold7388__3.2	scaffold7441__2.0	scaffold7470__2.0	scaffold7546__2.0	scaffold7708__2.0	scaffold7790__1.4	scaffold7844__1.4	scaffold7883__1.5	scaffold7960__1.4	scaffold8031__2.7	scaffold8071__2.0	scaffold8076__1.7	scaffold8091__2.0	scaffold8174__1.3	scaffold8189__1.5	scaffold8213__4.3	scaffold8355__1.0	scaffold8417__1.7	scaffold8428__2.4	scaffold8607__2.9	scaffold8697__2.3	scaffold8763__2.0	scaffold8815__2.4	scaffold8908__1.4	scaffold9016__2.2	scaffold9027__2.0	scaffold9084__3.4	scaffold9111__2.7	scaffold9177__1.7	scaffold9193__2.2	scaffold9242__1.5	scaffold9290__2.0	scaffold9289__1.3	scaffold9411__3.0	scaffold9471__3.6	scaffold9477__2.0	scaffold9527__1.8	scaffold9534__3.0	scaffold9625__2.4	scaffold9712__2.7	scaffold9824__2.2	scaffold9880__2.2	scaffold9925__1.5	scaffold9958__3.0	scaffold9979__2.0	scaffold10061__2.5	scaffold10068__2.6	scaffold10165__2.0	scaffold10190__2.0	scaffold10235__2.0	scaffold10871__2.9	scaffold10988__2.0	scaffold11076__2.0	C8213299__3.0	C8213393__2.0	C8213397__2.0	C8213621__1.0	C8213627__2.0	C8213653__2.0	C8213771__3.0	C8214183__2.0	C8214405__2.0	C8214911__2.0	C8215201__3.0	C8215225__4.0	C8215251__3.0	C8215455__2.0	C8215659__4.0	C8216011__2.0	C8216221__2.0	C8216379__3.0	C8216423__3.0	C8216491__2.0	C8216651__2.0	C8216995__1.0	C8217009__1.0	C8217535__2.0	C8217645__2.0	C8217965__1.0	C8218659__1.0	C8219173__3.0	C8219245__1.0	C8219413__2.0	C8219515__1.0	C8219523__2.0	C8219535__2.0	C8219757__2.0	C8219975__1.0	C8219981__1.0	C8220099__2.0	C8220195__2.0	C8220199__4.0	C8220473__3.0	C8220705__2.0	C8220863__3.0	C8221015__3.0	C8221147__3.0	C8221541__1.0	C8221951__3.0	C8222007__2.0	C8222485__2.0	C8222499__3.0	C8222513__3.0	C8223037__2.0	C8223199__2.0	C8223251__2.0	C8223263__3.0	C8223327__3.0	C8223349__2.0	C8223375__2.0	C8223759__2.0	C8223959__3.0	C8224401__3.0	C8224577__2.0	C8224707__3.0	C8225561__2.0	C8225853__2.0	C8226045__2.0	C8226225__2.0	C8226541__2.0	C8226619__1.0	C8226831__2.0	C8226911__2.0	C8226923__2.0	C8226981__1.0	C8226995__2.0	C8227151__4.0	C8227343__2.0	C8227535__3.0	C8227865__2.0	C8228175__2.0	C8228457__2.0	C8228663__3.0	C8229187__6.0	C8229253__2.0	C8229307__3.0	C8229769__2.0	C8230065__2.0	C8230183__1.0	C8230189__2.0	C8230337__3.0	C8230519__2.0	C8230827__2.0	C8230843__1.0	C8231365__1.0	C8231871__2.0	C8231903__2.0	C8231977__2.0	C8232665__2.0	C8232733__2.0	C8232781__2.0	C8232855__2.0	C8232959__1.0	C8233115__2.0	C8233153__1.0	C8233897__2.0	C8234015__1.0	C8234837__2.0	C8234849__2.0	C8235931__2.0	C8236789__2.0	C8237097__2.0	C8237365__2.0	C8238275__2.0	C8238511__3.0	C8239039__2.0	C8239087__2.0	C8239237__3.0	C8239281__2.0	C8239353__1.0	C8239367__1.0	C8240197__1.0	C8240689__2.0	C8241285__2.0	C8241589__3.0	C8241629__2.0	C8242041__3.0	C8242597__2.0	C8242645__5.0	C8243137__3.0	C8243239__3.0	C8243567__6.0	C8243995__2.0	C8244097__1.0	C8244445__2.0	C8244873__5.0	C8245839__2.0	C8245875__2.0	C8246321__3.0	C8246923__2.0	C8247671__2.0	C8248291__1.0	C8249013__3.0	C8249111__1.0	C8249173__3.0	C8249187__3.0	C8249189__2.0	C8249583__2.0	C8250125__2.0	C8250171__2.0	C8250215__2.0	C8250603__1.0	C8250761__2.0	C8251363__2.0	C8251473__1.0	C8251811__1.0	C8251973__2.0	C8252735__4.0	C8252815__2.0	C8252949__1.0	C8252955__2.0	C8253403__2.0	C8254339__3.0	C8254475__2.0	C8254507__2.0	C8254581__2.0	C8254799__2.0	C8255251__2.0	C8255793__1.0	C8256297__3.0	C8257385__2.0	C8257795__3.0	C8257913__2.0	C8259067__2.0	C8259335__2.0	C8259527__3.0	C8259651__2.0	C8260203__3.0	C8260829__2.0	C8261051__4.0	C8261367__1.0	C8261465__2.0	C8263033__3.0	C8263141__3.0	C8263769__3.0	C8264745__2.0	C8265811__3.0	C8265921__2.0	C8267097__3.0	C8267681__2.0	C8268371__1.0	C8269139__4.0	C8269285__2.0	C8270039__3.0	C8270145__2.0	C8273375__5.0
Burkholderia_mallei_ATCC_10399_gi_254179038_ref_NZ_	scaffold265__2.0	scaffold375__2.0	scaffold689__2.0	scaffold2504__2.5	scaffold3517__3.6	scaffold5252__2.6	scaffold6635__2.4	scaffold6970__2.8	scaffold8235__2.4	scaffold8469__3.0	scaffold8634__2.0	scaffold8680__2.0	scaffold8988__3.5	scaffold9169__4.1	scaffold10255__3.0	scaffold10316__2.0	C8213183__2.0	C8213271__1.0	C8215397__3.0	C8215431__3.0	C8215601__1.0	C8217795__5.0	C8217997__2.0	C8218945__2.0	C8219499__2.0	C8220057__2.0	C8222091__2.0	C8225983__3.0	C8227213__3.0	C8230279__2.0	C8230279__2.0	C8230389__2.0	C8231859__4.0	C8233107__3.0	C8236723__4.0	C8237203__2.0	C8237229__2.0	C8237829__2.0	C8242159__2.0	C8248463__2.0	C8248965__2.0	C8249393__1.0	C8249679__2.0	C8252395__2.0	C8255345__3.0	C8260909__4.0	C8263767__2.0	C8264683__2.0
Burkholderia_mallei_ATCC_10399_gi_254178742_ref_NZ_	C8262699__3.0	scaffold153__2.0	scaffold290__2.0	scaffold2010__3.0	scaffold2987__3.7	scaffold3037__2.8	scaffold3366__2.0	scaffold3628__2.1	scaffold3852__3.0	scaffold4538__2.1	scaffold5071__1.0	scaffold5178__2.8	scaffold5494__2.8	scaffold5500__2.0	scaffold5993__3.0	scaffold6358__1.2	scaffold6485__1.7	scaffold6594__2.9	scaffold6646__4.0	scaffold6729__1.3	scaffold6820__2.0	scaffold7049__3.3	scaffold7176__2.4	scaffold7265__2.0	scaffold7356__3.2	scaffold7452__1.7	scaffold7583__2.2	scaffold7919__2.6	scaffold8042__2.5	scaffold8057__2.8	scaffold8064__1.7	scaffold8069__2.0	scaffold8241__1.6	scaffold8342__2.0	scaffold8368__2.0	scaffold8683__4.8	scaffold9057__1.5	scaffold9063__2.6	scaffold9192__3.5	scaffold10004__2.0	scaffold10220__2.0	scaffold10453__2.0	scaffold10929__1.5	scaffold10968__4.9	C8213251__3.0	C8213333__2.0	C8213351__3.0	C8213935__2.0	C8214043__2.0	C8214139__2.0	C8214457__3.0	C8214673__2.0	C8214703__2.0	C8214789__2.0	C8214877__3.0	C8215255__1.0	C8215829__3.0	C8215943__2.0	C8216635__1.0	C8216643__2.0	C8217119__3.0	C8217603__1.0	C8217637__3.0	C8217961__2.0	C8218851__2.0	C8218853__1.0	C8220597__1.0	C8220607__1.0	C8220639__2.0	C8220719__2.0	C8220797__2.0	C8223353__3.0	C8224073__2.0	C8224289__2.0	C8224399__2.0	C8224513__2.0	C8225415__3.0	C8225623__3.0	C8226105__2.0	C8226431__6.0	C8227661__2.0	C8228443__2.0	C8230155__2.0	C8230165__2.0	C8230449__3.0	C8230735__2.0	C8232329__4.0	C8232761__2.0	C8234059__2.0	C8234591__4.0	C8234735__2.0	C8235427__2.0	C8235789__3.0	C8236173__3.0	C8236423__2.0	C8237165__1.0	C8237401__2.0	C8238013__1.0	C8238085__4.0	C8238277__3.0	C8238321__2.0	C8238699__3.0	C8238837__2.0	C8239111__4.0	C8239159__2.0	C8239629__3.0	C8240043__2.0	C8240129__4.0	C8241661__2.0	C8242335__2.0	C8243069__2.0	C8243095__3.0	C8244055__2.0	C8244505__2.0	C8245083__3.0	C8245185__2.0	C8245323__2.0	C8247499__2.0	C8248451__3.0	C8249309__1.0	C8250729__2.0	C8251893__2.0	C8252265__2.0	C8252335__3.0	C8252971__2.0	C8253201__2.0	C8253461__2.0	C8253533__4.0	C8253795__2.0	C8254979__1.0	C8257643__2.0	C8259695__2.0	C8262403__3.0	C8262433__2.0	C8263863__3.0	C8264431__1.0	C8265705__1.0	C8265989__2.0	C8267845__3.0	C8268481__2.0
Burkholderia_mallei_ATCC_10399_gi_254175322_ref_NZ_	scaffold516__3.0	scaffold810__2.1	scaffold1008__2.0	scaffold1036__2.0	scaffold1480__2.8	scaffold1679__2.2	scaffold1697__2.0	scaffold2050__1.1	scaffold2291__1.6	scaffold2588__2.9	scaffold2817__2.9	scaffold2898__2.7	scaffold2976__3.8	scaffold3634__2.8	scaffold4008__2.1	scaffold4039__2.2	scaffold4850__2.1	scaffold4983__3.2	scaffold5089__2.2	scaffold5691__2.0	scaffold6327__2.0	scaffold6996__2.7	scaffold7045__3.4	scaffold7089__3.6	scaffold7103__2.4	scaffold7151__2.8	scaffold7202__1.7	scaffold7279__1.8	scaffold7282__3.7	scaffold7304__2.0	scaffold7364__2.1	scaffold7375__1.8	scaffold7430__1.7	scaffold7889__2.4	scaffold8179__3.5	scaffold8259__2.0	scaffold8484__1.6	scaffold8553__3.3	scaffold8578__1.9	scaffold8695__2.3	scaffold8755__2.5	scaffold8831__2.4	scaffold8850__2.7	scaffold8894__3.0	scaffold9018__2.7	scaffold9171__2.0	scaffold9420__2.6	scaffold9493__3.0	scaffold9766__2.0	scaffold9819__2.6	scaffold9985__2.4	scaffold10304__2.0	scaffold10379__2.5	scaffold10421__1.5	scaffold10925__1.5	C8213391__3.0	C8213421__2.0	C8213463__2.0	C8213573__2.0	C8213581__2.0	C8213643__2.0	C8214249__4.0	C8214253__2.0	C8214539__2.0	C8214553__2.0	C8214803__2.0	C8214893__3.0	C8215355__3.0	C8215371__2.0	C8215549__2.0	C8215553__4.0	C8215619__2.0	C8215931__2.0	C8215939__3.0	C8216077__2.0	C8216127__3.0	C8216223__3.0	C8216261__2.0	C8216497__2.0	C8216953__4.0	C8217525__2.0	C8218273__2.0	C8218785__2.0	C8218953__2.0	C8219389__2.0	C8219643__2.0	C8219793__3.0	C8220485__2.0	C8220675__3.0	C8220793__2.0	C8221065__3.0	C8221335__3.0	C8221685__2.0	C8222079__1.0	C8222383__1.0	C8222649__3.0	C8223533__2.0	C8223619__2.0	C8224171__4.0	C8224499__2.0	C8224499__2.0	C8225307__2.0	C8225343__2.0	C8225555__2.0	C8225589__2.0	C8225899__3.0	C8226113__2.0	C8226369__2.0	C8227143__3.0	C8228041__4.0	C8228337__2.0	C8228393__2.0	C8228681__2.0	C8228785__2.0	C8228991__3.0	C8229127__2.0	C8229815__2.0	C8229849__2.0	C8229917__1.0	C8230057__2.0	C8230079__3.0	C8230371__2.0	C8230495__2.0	C8230855__1.0	C8230883__2.0	C8230909__3.0	C8231173__2.0	C8231725__2.0	C8231847__3.0	C8232081__2.0	C8232257__3.0	C8232307__3.0	C8232437__1.0	C8232545__2.0	C8232911__2.0	C8233119__2.0	C8233155__3.0	C8233941__2.0	C8234263__1.0	C8234399__3.0	C8235147__1.0	C8235157__2.0	C8235281__2.0	C8235407__2.0	C8235453__2.0	C8235493__2.0	C8237391__2.0	C8238467__2.0	C8238517__2.0	C8238595__1.0	C8239639__2.0	C8239787__2.0	C8239791__3.0	C8240561__2.0	C8240581__2.0	C8240699__3.0	C8241083__2.0	C8241649__2.0	C8241733__3.0	C8241789__3.0	C8242199__2.0	C8243465__2.0	C8243485__2.0	C8243593__2.0	C8243751__2.0	C8243817__2.0	C8245117__1.0	C8245201__2.0	C8245609__2.0	C8246171__1.0	C8246657__2.0	C8247255__2.0	C8247615__3.0	C8247823__3.0	C8249207__2.0	C8250759__3.0	C8251439__2.0	C8251485__2.0	C8251547__1.0	C8252009__3.0	C8252589__2.0	C8253551__3.0	C8253709__2.0	C8253845__3.0	C8253895__2.0	C8254063__2.0	C8254845__3.0	C8254971__3.0	C8255341__2.0	C8255749__2.0	C8255855__2.0	C8256141__3.0	C8259417__3.0	C8260189__2.0	C8262213__2.0	C8262309__2.0	C8264103__2.0	C8265191__3.0	C8266939__2.0	C8267841__3.0
Burkholderia_mallei_ATCC_10399_gi_254174647_ref_NZ_	scaffold154__3.0	scaffold1001__2.8	scaffold1215__1.1	scaffold2145__1.2	scaffold2256__1.2	scaffold2580__2.6	scaffold2994__1.2	scaffold3108__2.3	scaffold3474__2.1	scaffold3765__2.0	scaffold4024__1.2	scaffold4076__2.2	scaffold4518__2.2	scaffold4772__2.9	scaffold5015__2.0	scaffold5183__2.0	scaffold5195__2.0	scaffold5259__2.0	scaffold5395__2.0	scaffold5617__2.1	scaffold5725__2.0	scaffold5742__2.8	scaffold5779__2.3	scaffold5824__1.8	scaffold5919__1.0	scaffold5923__2.0	scaffold5994__2.7	scaffold6083__2.1	scaffold6104__1.8	scaffold6367__1.0	scaffold6489__1.3	scaffold6549__2.5	scaffold6596__1.9	scaffold6597__1.2	scaffold6606__1.7	scaffold6665__2.0	scaffold6736__2.0	scaffold6841__2.2	scaffold6899__3.0	scaffold7034__2.0	scaffold7079__2.7	scaffold7207__2.0	scaffold7330__2.0	scaffold7363__2.3	scaffold7398__2.0	scaffold7473__3.1	scaffold7483__1.0	scaffold7490__2.0	scaffold7522__2.3	scaffold7536__2.3	scaffold7592__2.8	scaffold7611__2.0	scaffold7630__2.2	scaffold7869__2.2	scaffold7932__1.3	scaffold7962__2.4	scaffold8034__2.0	scaffold8046__2.2	scaffold8104__2.7	scaffold8153__2.2	scaffold8225__2.6	scaffold8274__2.0	scaffold8334__2.3	scaffold8361__1.5	scaffold8477__1.5	scaffold8498__1.0	scaffold8533__2.0	scaffold8569__2.0	scaffold8619__2.0	scaffold8646__2.0	scaffold8715__3.5	scaffold8743__2.0	scaffold8760__3.0	scaffold8875__2.5	scaffold8900__3.3	scaffold9007__2.0	scaffold9089__2.0	scaffold9100__2.0	scaffold9164__1.9	scaffold9217__3.6	scaffold9384__2.0	scaffold9446__3.0	scaffold9464__2.0	scaffold9667__1.8	scaffold9770__2.6	scaffold9864__1.4	scaffold9932__2.8	scaffold9944__2.5	scaffold10035__1.8	scaffold10144__3.1	scaffold10160__2.5	scaffold10250__2.7	scaffold11209__2.0	C8213083__2.0	C8213785__3.0	C8213975__1.0	C8213999__4.0	C8214019__3.0	C8214347__2.0	C8214769__3.0	C8215045__3.0	C8215529__2.0	C8215545__2.0	C8215691__2.0	C8215965__2.0	C8216225__3.0	C8216355__2.0	C8216469__2.0	C8216697__3.0	C8216779__2.0	C8216823__2.0	C8216939__2.0	C8216947__2.0	C8216959__1.0	C8217279__2.0	C8217315__2.0	C8217885__4.0	C8217913__2.0	C8217971__3.0	C8217973__2.0	C8218059__2.0	C8218143__2.0	C8218401__3.0	C8218525__2.0	C8218631__2.0	C8218735__3.0	C8218761__3.0	C8218917__6.0	C8219091__1.0	C8219125__4.0	C8219311__3.0	C8219671__2.0	C8219951__2.0	C8220209__2.0	C8220303__3.0	C8220465__3.0	C8220499__2.0	C8220555__2.0	C8220625__2.0	C8220649__2.0	C8220997__3.0	C8221075__3.0	C8221195__2.0	C8221423__3.0	C8221481__2.0	C8221563__2.0	C8221635__2.0	C8221877__4.0	C8221937__2.0	C8221965__3.0	C8222125__2.0	C8222497__3.0	C8222787__1.0	C8222965__3.0	C8222995__1.0	C8223403__2.0	C8223645__2.0	C8223865__2.0	C8224227__2.0	C8224303__3.0	C8224323__2.0	C8224377__2.0	C8224533__3.0	C8224751__2.0	C8226783__4.0	C8226873__2.0	C8226897__4.0	C8227125__2.0	C8227549__2.0	C8228123__2.0	C8228297__2.0	C8228611__3.0	C8228661__2.0	C8228877__1.0	C8228989__3.0	C8229087__2.0	C8229117__1.0	C8229281__1.0	C8229633__2.0	C8229771__1.0	C8229859__2.0	C8230009__2.0	C8230011__4.0	C8230087__2.0	C8230217__2.0	C8230309__1.0	C8230503__2.0	C8230737__3.0	C8230921__3.0	C8231049__5.0	C8231161__2.0	C8231583__2.0	C8231673__1.0	C8231999__2.0	C8232625__2.0	C8232801__4.0	C8233141__2.0	C8233429__2.0	C8233563__4.0	C8233665__1.0	C8233901__3.0	C8234163__3.0	C8234189__2.0	C8234293__1.0	C8234353__3.0	C8234595__2.0	C8234637__2.0	C8235083__4.0	C8235091__2.0	C8235137__2.0	C8235221__3.0	C8235389__2.0	C8236061__3.0	C8236081__4.0	C8236447__2.0	C8236525__3.0	C8236541__2.0	C8236631__2.0	C8236835__2.0	C8237017__2.0	C8237311__2.0	C8237467__3.0	C8237981__2.0	C8238119__2.0	C8238207__2.0	C8238539__2.0	C8238573__3.0	C8239555__3.0	C8239733__3.0	C8240019__1.0	C8240695__2.0	C8240779__2.0	C8240837__2.0	C8240957__2.0	C8241001__2.0	C8241409__2.0	C8241647__2.0	C8241875__2.0	C8241897__1.0	C8242079__3.0	C8242139__3.0	C8242659__1.0	C8242837__3.0	C8242941__1.0	C8243031__2.0	C8244371__2.0	C8245049__3.0	C8245139__2.0	C8245353__1.0	C8245393__2.0	C8245715__2.0	C8246315__2.0	C8246691__2.0	C8247023__3.0	C8247229__3.0	C8247273__2.0	C8247597__2.0	C8247685__3.0	C8248177__2.0	C8248431__2.0	C8248737__2.0	C8249041__2.0	C8249201__2.0	C8249435__2.0	C8249701__3.0	C8250321__2.0	C8250341__1.0	C8250489__2.0	C8250507__2.0	C8250583__1.0	C8250595__2.0	C8251003__4.0	C8251899__2.0	C8251935__2.0	C8251959__2.0	C8252367__2.0	C8252723__2.0	C8253077__3.0	C8253225__2.0	C8254683__1.0	C8254969__3.0	C8255267__3.0	C8255303__3.0	C8255765__2.0	C8256313__1.0	C8256433__2.0	C8257117__3.0	C8257307__2.0	C8257667__3.0	C8258741__2.0	C8260017__2.0	C8261087__2.0	C8262415__2.0	C8262699__3.0	C8263289__2.0	C8265159__2.0	C8269457__1.0	C8270611__3.0	C8271835__2.0	C8272335__2.0	C8279047__2.0
Burkholderia_mallei_ATCC_10399_gi_254177454_ref_NZ_	scaffold38__2.9	scaffold219__2.1	scaffold225__2.0	scaffold226__3.0	scaffold253__2.9	scaffold356__2.9	scaffold403__2.4	scaffold458__2.0	scaffold520__2.9	scaffold530__2.0	scaffold585__1.8	scaffold619__2.6	scaffold809__2.0	scaffold1045__2.9	scaffold1079__2.1	scaffold1394__1.3	scaffold1565__2.0	scaffold1896__2.0	scaffold1945__3.0	scaffold1951__2.2	scaffold2015__2.9	scaffold2067__3.1	scaffold2359__2.0	scaffold2439__2.2	scaffold2639__2.2	scaffold2755__2.0	scaffold3253__3.0	scaffold3306__2.0	scaffold3322__3.0	scaffold3526__2.0	scaffold3564__2.0	scaffold3739__2.0	scaffold3757__2.1	scaffold4322__3.5	scaffold4379__1.9	scaffold4380__2.2	scaffold4463__2.8	scaffold4473__1.9	scaffold4551__2.1	scaffold4576__1.0	scaffold4617__2.9	scaffold4852__2.2	scaffold4915__2.6	scaffold5028__2.2	scaffold5061__2.0	scaffold5136__2.0	scaffold5390__2.0	scaffold5450__1.5	scaffold5457__1.7	scaffold5516__2.3	scaffold5539__2.0	scaffold5581__2.0	scaffold5579__2.0	scaffold5594__1.4	scaffold5619__3.1	scaffold5692__3.6	scaffold5702__3.5	scaffold5709__2.8	scaffold5757__2.8	scaffold5775__2.1	scaffold5813__2.0	scaffold5860__1.5	scaffold5895__2.0	scaffold6001__1.7	scaffold6031__2.8	scaffold6115__2.0	scaffold6150__2.5	scaffold6178__2.2	scaffold6223__2.3	scaffold6255__2.2	scaffold6346__2.2	scaffold6373__2.2	scaffold6401__2.9	scaffold6407__1.9	scaffold6473__2.0	scaffold6508__1.0	scaffold6525__2.0	scaffold6565__2.3	scaffold6564__2.7	scaffold6583__1.7	scaffold6651__2.3	scaffold6685__2.0	scaffold6711__2.7	scaffold6786__2.3	scaffold6793__1.2	scaffold6812__2.7	scaffold6836__1.9	scaffold6882__3.0	scaffold6926__2.7	scaffold6957__1.0	scaffold7057__2.4	scaffold7087__3.5	scaffold7212__2.2	scaffold7236__2.5	scaffold7262__2.8	scaffold7300__2.0	scaffold7316__2.3	scaffold7332__2.0	scaffold7406__2.0	scaffold7444__3.0	scaffold7472__1.8	scaffold7648__2.0	scaffold7705__3.6	scaffold7713__2.0	scaffold7726__1.7	scaffold7762__3.8	scaffold7772__2.4	scaffold7774__2.0	scaffold7776__1.0	scaffold7842__2.3	scaffold7857__2.0	scaffold7898__1.6	scaffold7903__2.7	scaffold7946__2.0	scaffold7966__1.3	scaffold8010__2.8	scaffold8025__2.0	scaffold8054__1.0	scaffold8062__2.6	scaffold8125__2.9	scaffold8155__3.0	scaffold8159__2.0	scaffold8168__2.0	scaffold8200__2.0	scaffold8256__2.6	scaffold8280__1.0	scaffold8326__2.6	scaffold8325__2.4	scaffold8333__1.8	scaffold8349__3.5	scaffold8353__3.0	scaffold8359__1.0	scaffold8408__1.8	scaffold8486__2.2	scaffold8519__1.9	scaffold8551__2.8	scaffold8588__2.2	scaffold8674__3.0	scaffold8679__2.4	scaffold8775__3.0	scaffold8783__2.0	scaffold8788__2.0	scaffold8799__3.3	scaffold8807__2.4	scaffold8845__1.5	scaffold8866__4.5	scaffold8879__2.4	scaffold8963__2.0	scaffold8979__3.0	scaffold9121__2.0	scaffold9129__3.0	scaffold9207__4.0	scaffold9218__2.0	scaffold9229__1.5	scaffold9249__2.0	scaffold9251__1.5	scaffold9273__1.5	scaffold9315__2.2	scaffold9334__2.0	scaffold9400__2.0	scaffold9426__2.0	scaffold9480__2.6	scaffold9497__4.1	scaffold9557__3.1	scaffold9610__2.0	scaffold9651__2.0	scaffold9678__2.6	scaffold9752__2.0	scaffold9783__2.0	scaffold9812__2.5	scaffold9844__2.3	scaffold9921__2.5	scaffold9987__2.0	scaffold10134__1.6	scaffold10163__1.7	scaffold10207__1.5	scaffold10226__1.4	scaffold10241__2.4	scaffold10271__3.4	scaffold10293__2.9	scaffold10303__2.0	scaffold10449__2.5	scaffold10540__2.0	scaffold10555__2.5	scaffold10608__3.1	scaffold10614__2.0	scaffold10706__2.0	scaffold11259__1.6	C8213215__5.0	C8213329__3.0	C8213549__2.0	C8213551__1.0	C8213565__1.0	C8213599__2.0	C8213665__2.0	C8213797__2.0	C8213803__2.0	C8213823__1.0	C8213861__2.0	C8213877__3.0	C8213913__2.0	C8214089__2.0	C8214141__2.0	C8214223__2.0	C8214301__3.0	C8214399__2.0	C8214535__2.0	C8214543__2.0	C8214561__1.0	C8214787__1.0	C8214817__2.0	C8214849__3.0	C8214903__1.0	C8215095__3.0	C8215139__2.0	C8215367__1.0	C8215423__4.0	C8215483__3.0	C8215501__1.0	C8215505__2.0	C8215515__3.0	C8215651__2.0	C8215695__2.0	C8215793__2.0	C8215891__2.0	C8215893__2.0	C8216091__2.0	C8216119__1.0	C8216125__2.0	C8216407__3.0	C8216579__2.0	C8216649__3.0	C8216765__2.0	C8216825__2.0	C8216839__2.0	C8216853__2.0	C8217087__2.0	C8217103__2.0	C8217117__2.0	C8217189__1.0	C8217193__4.0	C8217301__2.0	C8217385__2.0	C8217443__2.0	C8217473__2.0	C8217547__2.0	C8217701__2.0	C8217947__3.0	C8218101__2.0	C8218145__3.0	C8218505__1.0	C8218657__2.0	C8218799__2.0	C8218893__2.0	C8219011__2.0	C8219147__2.0	C8219291__4.0	C8219293__2.0	C8219395__2.0	C8219405__2.0	C8219521__4.0	C8219669__4.0	C8219685__2.0	C8219713__5.0	C8219717__1.0	C8219749__2.0	C8219751__1.0	C8219769__1.0	C8219991__4.0	C8220141__3.0	C8220149__2.0	C8220179__2.0	C8220317__2.0	C8220331__2.0	C8220439__3.0	C8220585__2.0	C8220655__1.0	C8220663__2.0	C8220809__2.0	C8220869__1.0	C8220901__3.0	C8221155__2.0	C8221315__2.0	C8221479__2.0	C8221503__2.0	C8221547__2.0	C8221601__2.0	C8221623__2.0	C8221653__1.0	C8221687__3.0	C8221699__3.0	C8221815__3.0	C8222061__2.0	C8222077__3.0	C8222145__2.0	C8222433__3.0	C8222531__1.0	C8222597__2.0	C8222711__3.0	C8222809__1.0	C8222861__4.0	C8222983__3.0	C8223065__2.0	C8223121__1.0	C8223237__3.0	C8223553__2.0	C8223593__2.0	C8223941__3.0	C8223997__3.0	C8224411__2.0	C8224511__2.0	C8224579__2.0	C8224595__3.0	C8224601__2.0	C8224621__2.0	C8224801__1.0	C8224853__4.0	C8224957__3.0	C8225003__3.0	C8225353__2.0	C8225383__4.0	C8225401__3.0	C8225427__1.0	C8225585__4.0	C8225659__3.0	C8225673__2.0	C8225743__3.0	C8225779__1.0	C8225839__1.0	C8225905__2.0	C8225917__3.0	C8225987__3.0	C8226049__3.0	C8226163__3.0	C8226271__2.0	C8226459__2.0	C8226501__2.0	C8226629__2.0	C8226739__3.0	C8226817__2.0	C8226821__1.0	C8226907__3.0	C8227059__3.0	C8227135__2.0	C8227401__2.0	C8227441__4.0	C8227451__1.0	C8227519__2.0	C8227665__2.0	C8227813__3.0	C8227985__2.0	C8228023__1.0	C8228071__3.0	C8228157__1.0	C8228231__2.0	C8228241__3.0	C8228279__2.0	C8228291__2.0	C8228399__2.0	C8228413__2.0	C8228659__3.0	C8228673__3.0	C8229075__2.0	C8229139__4.0	C8229183__5.0	C8229199__2.0	C8229391__2.0	C8229463__3.0	C8229471__2.0	C8229581__3.0	C8229627__3.0	C8229847__2.0	C8229909__2.0	C8230045__3.0	C8230055__2.0	C8230067__1.0	C8230085__2.0	C8230479__5.0	C8230517__2.0	C8230573__3.0	C8230627__1.0	C8230669__4.0	C8230741__2.0	C8230747__3.0	C8230775__3.0	C8230911__2.0	C8230927__3.0	C8230969__5.0	C8230973__1.0	C8231071__2.0	C8231397__2.0	C8231473__1.0	C8231525__3.0	C8231541__2.0	C8231633__3.0	C8231757__2.0	C8231889__3.0	C8231927__2.0	C8232031__3.0	C8232075__1.0	C8232363__2.0	C8232377__2.0	C8232523__3.0	C8232611__2.0	C8233167__3.0	C8233189__2.0	C8233359__2.0	C8233449__2.0	C8233499__2.0	C8233629__2.0	C8233831__3.0	C8233889__2.0	C8233909__2.0	C8233991__2.0	C8234177__2.0	C8234401__2.0	C8234403__2.0	C8234421__2.0	C8234497__2.0	C8234509__2.0	C8234685__2.0	C8234805__2.0	C8234937__2.0	C8234955__2.0	C8235065__1.0	C8235069__2.0	C8235309__2.0	C8235397__3.0	C8235491__4.0	C8235515__3.0	C8235543__3.0	C8235737__2.0	C8235827__2.0	C8235893__3.0	C8235957__3.0	C8235961__3.0	C8236013__2.0	C8236029__2.0	C8236101__1.0	C8236399__2.0	C8236505__3.0	C8236787__2.0	C8236811__2.0	C8236925__2.0	C8237319__3.0	C8237595__3.0	C8237849__2.0	C8238199__2.0	C8238291__2.0	C8238367__2.0	C8238491__2.0	C8238611__3.0	C8238659__2.0	C8238979__2.0	C8239097__2.0	C8239275__3.0	C8239289__2.0	C8239363__2.0	C8239523__2.0	C8239625__2.0	C8239663__1.0	C8239867__2.0	C8240011__3.0	C8240357__2.0	C8240391__4.0	C8240617__2.0	C8240765__2.0	C8240865__2.0	C8241023__2.0	C8241109__3.0	C8241181__2.0	C8241293__2.0	C8241451__4.0	C8241533__3.0	C8241557__2.0	C8241601__1.0	C8241667__2.0	C8241705__2.0	C8241927__2.0	C8241929__2.0	C8242233__2.0	C8242387__2.0	C8242439__2.0	C8242789__2.0	C8242871__2.0	C8242985__3.0	C8243121__2.0	C8243285__2.0	C8243289__2.0	C8243295__2.0	C8243313__3.0	C8243491__2.0	C8243731__1.0	C8243957__2.0	C8244073__2.0	C8244103__1.0	C8244191__2.0	C8244259__2.0	C8244395__2.0	C8244471__2.0	C8244593__2.0	C8244631__3.0	C8244751__3.0	C8244819__2.0	C8244889__2.0	C8244963__1.0	C8245019__2.0	C8245493__2.0	C8245575__2.0	C8245633__2.0	C8245747__2.0	C8245749__2.0	C8245911__2.0	C8246555__2.0	C8246617__2.0	C8246719__2.0	C8246801__2.0	C8246879__3.0	C8246903__3.0	C8246911__2.0	C8247201__4.0	C8247199__2.0	C8247309__2.0	C8247327__1.0	C8247367__1.0	C8247693__2.0	C8247867__2.0	C8247923__1.0	C8248113__2.0	C8248199__2.0	C8248233__2.0	C8248281__2.0	C8248285__1.0	C8248377__3.0	C8248441__1.0	C8248487__3.0	C8248571__2.0	C8248781__2.0	C8248841__4.0	C8248993__3.0	C8249057__2.0	C8249083__3.0	C8249081__2.0	C8249255__2.0	C8249395__2.0	C8249459__3.0	C8249489__2.0	C8249539__1.0	C8249581__3.0	C8249595__2.0	C8249597__2.0	C8249803__2.0	C8250079__3.0	C8250249__2.0	C8250377__2.0	C8251051__3.0	C8251263__1.0	C8251435__3.0	C8251557__2.0	C8251563__2.0	C8251633__2.0	C8251795__2.0	C8251879__2.0	C8252025__2.0	C8252389__2.0	C8252587__3.0	C8252623__2.0	C8252657__2.0	C8252721__2.0	C8252889__1.0	C8253131__3.0	C8253147__3.0	C8253163__2.0	C8253199__2.0	C8253285__1.0	C8253413__2.0	C8253891__2.0	C8254103__2.0	C8254139__2.0	C8254195__2.0	C8254229__2.0	C8254785__2.0	C8255861__2.0	C8256677__2.0	C8257493__2.0	C8257765__2.0	C8257977__3.0	C8258209__2.0	C8258465__2.0	C8258473__2.0	C8258657__3.0	C8258761__1.0	C8259463__2.0	C8259669__2.0	C8259809__2.0	C8259983__2.0	C8260321__2.0	C8261577__2.0	C8261577__2.0	C8262169__2.0	C8263871__2.0	C8263973__3.0	C8265677__3.0	C8266365__1.0	C8267205__2.0	C8267709__2.0	C8267867__3.0	C8269007__2.0	C8270125__3.0	C8271023__3.0	C8271153__2.0
Burkholderia_mallei_ATCC_10399_gi_254179138_ref_NZ_	scaffold298__2.0	scaffold2989__2.2	scaffold7552__2.8	scaffold7923__2.0	scaffold8022__1.5	scaffold8261__2.4	scaffold8953__2.0	scaffold9166__1.7	scaffold9505__2.4	scaffold9595__2.7	scaffold9623__2.3	scaffold9806__2.3	C8213009__2.0	C8213511__2.0	C8213685__2.0	C8214531__2.0	C8221953__2.0	C8223869__2.0	C8226809__2.0	C8230359__2.0	C8231219__2.0	C8233357__2.0	C8238443__1.0	C8241701__3.0	C8250123__3.0	C8252209__3.0	C8253541__2.0	C8253581__2.0
Burkholderia_mallei_ATCC_10399_gi_254176657_ref_NZ_	scaffold5853__3.6	scaffold8760__3.0	scaffold8770__2.4	scaffold1738__1.7	scaffold1874__2.0	scaffold2052__2.5	scaffold2675__1.1	scaffold2775__2.0	scaffold2822__2.8	scaffold3038__2.1	scaffold3407__1.6	scaffold3423__2.8	scaffold3856__3.8	scaffold4007__2.3	scaffold4136__3.0	scaffold4221__1.4	scaffold4323__2.8	scaffold4517__2.0	scaffold4661__2.0	scaffold4693__2.8	scaffold4732__2.8	scaffold4777__2.3	scaffold4804__2.8	scaffold4900__2.0	scaffold5000__2.1	scaffold5289__1.2	scaffold5553__3.0	scaffold5688__2.1	scaffold5786__2.7	scaffold5825__2.3	scaffold6385__3.7	scaffold6618__2.0	scaffold6645__2.3	scaffold6732__2.0	scaffold6753__2.1	scaffold6914__2.8	scaffold6979__2.0	scaffold7197__1.6	scaffold7221__3.6	scaffold7242__2.7	scaffold7257__1.7	scaffold7288__2.4	scaffold7538__2.0	scaffold7598__2.7	scaffold7620__2.0	scaffold7637__2.7	scaffold7665__1.7	scaffold7775__2.6	scaffold7861__1.4	scaffold7865__2.7	scaffold7870__3.3	scaffold7881__3.4	scaffold8005__2.0	scaffold8077__3.5	scaffold8186__2.0	scaffold8264__3.3	scaffold8394__2.0	scaffold8559__2.0	scaffold8604__2.0	scaffold8655__1.5	scaffold8654__2.2	scaffold8661__1.9	scaffold8745__2.0	scaffold8761__2.2	scaffold8954__1.7	scaffold9106__2.6	scaffold9241__2.4	scaffold9259__2.1	scaffold9264__2.3	scaffold10455__3.0	scaffold11027__2.0	scaffold11047__3.4	scaffold11094__3.0	C8213377__1.0	C8213465__2.0	C8213543__2.0	C8213555__1.0	C8213567__2.0	C8214557__2.0	C8214631__2.0	C8214633__1.0	C8214691__2.0	C8214753__2.0	C8214905__2.0	C8214953__1.0	C8216019__1.0	C8216061__2.0	C8216193__3.0	C8216453__3.0	C8216589__2.0	C8217313__2.0	C8217441__2.0	C8217649__2.0	C8217725__1.0	C8217835__3.0	C8217985__2.0	C8217987__2.0	C8218031__2.0	C8218227__4.0	C8218625__2.0	C8218677__2.0	C8218807__3.0	C8219345__3.0	C8219579__2.0	C8220237__2.0	C8220239__1.0	C8220569__4.0	C8221253__2.0	C8221411__2.0	C8221781__1.0	C8221987__3.0	C8222065__1.0	C8222417__3.0	C8222617__2.0	C8222641__3.0	C8222705__2.0	C8222763__2.0	C8222871__2.0	C8223025__3.0	C8223487__3.0	C8224167__1.0	C8224819__3.0	C8224977__1.0	C8225279__1.0	C8225529__3.0	C8225845__3.0	C8225927__3.0	C8226153__2.0	C8226405__2.0	C8226413__2.0	C8226983__2.0	C8227109__2.0	C8227241__2.0	C8227355__2.0	C8227397__3.0	C8227463__3.0	C8227843__2.0	C8227873__3.0	C8227877__3.0	C8227885__2.0	C8228267__2.0	C8228753__2.0	C8228759__2.0	C8228897__3.0	C8229263__2.0	C8229257__2.0	C8229613__2.0	C8229805__3.0	C8230099__1.0	C8231023__4.0	C8231275__1.0	C8231385__3.0	C8231461__1.0	C8231797__2.0	C8232191__3.0	C8232193__2.0	C8232453__3.0	C8232607__2.0	C8233395__3.0	C8233639__3.0	C8234141__1.0	C8234305__2.0	C8234443__2.0	C8234579__2.0	C8235053__2.0	C8235299__2.0	C8235425__2.0	C8236443__1.0	C8236537__2.0	C8237103__2.0	C8237223__2.0	C8237337__3.0	C8237603__2.0	C8238177__1.0	C8238687__2.0	C8238945__1.0	C8239233__2.0	C8239567__2.0	C8239655__1.0	C8239735__2.0	C8239751__2.0	C8240625__3.0	C8241063__2.0	C8241741__2.0	C8241823__2.0	C8242389__3.0	C8242951__2.0	C8243505__2.0	C8244287__3.0	C8244645__3.0	C8244697__1.0	C8244809__2.0	C8244879__2.0	C8245953__2.0	C8246111__2.0	C8246155__2.0	C8246211__2.0	C8246331__2.0	C8247335__2.0	C8247365__1.0	C8247373__3.0	C8247385__2.0	C8247585__2.0	C8247623__2.0	C8248569__2.0	C8248951__2.0	C8248973__1.0	C8249149__2.0	C8250073__2.0	C8250239__4.0	C8250399__4.0	C8250453__1.0	C8250549__3.0	C8250895__1.0	C8252027__1.0	C8252205__2.0	C8252429__2.0	C8252629__2.0	C8252673__2.0	C8252829__3.0	C8253389__3.0	C8253381__2.0	C8254155__2.0	C8254239__2.0	C8254863__1.0	C8256251__2.0	C8256603__2.0	C8256985__2.0	C8257021__2.0	C8257089__2.0	C8257315__3.0	C8257911__3.0	C8259683__2.0	C8261699__2.0	C8262475__2.0	C8262877__2.0	C8262985__2.0	C8263297__1.0	C8263359__2.0	C8263471__2.0	C8264149__2.0	C8264803__3.0	C8268475__2.0	C8269741__3.0
Burkholderia_mallei_ATCC_10399_gi_254173942_ref_NZ_	scaffold985__2.9	scaffold1000__2.0	scaffold1546__3.1	scaffold2689__3.0	scaffold4820__2.2	scaffold5088__2.2	scaffold5254__2.0	scaffold5645__1.1	scaffold5878__2.5	scaffold6207__2.2	scaffold6946__2.0	scaffold7608__2.7	scaffold8156__2.0	scaffold8175__2.4	scaffold8562__2.5	scaffold8969__2.5	scaffold9179__2.6	scaffold9501__2.0	C8213765__2.0	C8214087__2.0	C8215507__2.0	C8215813__2.0	C8216821__3.0	C8217573__3.0	C8218485__1.0	C8219407__3.0	C8220079__2.0	C8221033__1.0	C8222607__4.0	C8222715__1.0	C8223415__2.0	C8223769__2.0	C8223965__1.0	C8224175__2.0	C8225055__2.0	C8225703__2.0	C8227255__2.0	C8228019__3.0	C8228995__2.0	C8229147__3.0	C8229549__2.0	C8232297__2.0	C8232431__2.0	C8232521__2.0	C8233687__3.0	C8235775__2.0	C8237483__3.0	C8238705__1.0	C8241369__3.0	C8242839__2.0	C8243157__1.0	C8245833__2.0	C8252933__2.0	C8259047__2.0	C8263229__5.0	C8265275__2.0	C8268055__2.0
