gi|77404693|ref|NC_007489.1|_Rhodobacter_sphaeroides_2.4.1_plasmid_C__complete_sequence	contig146	contig147	contig320	contig321	contig1	contig348	contig342	contig343	contig11	contig396	contig167	contig168	contig192	contig191	contig385	contig154	contig153	contig90	contig418
gi|77464988|ref|NC_007494.1|_Rhodobacter_sphaeroides_2.4.1_chromosome_2__complete_sequence	contig35	contig36	contig31	contig33	contig32	contig48	contig49	contig47	contig288	contig50	contig251	contig252	contig253	contig317	contig316	contig316	contig311	contig310	contig313	contig312	contig429	contig428	contig426	contig423	contig422	contig225	contig224	contig17	contig160	contig160	contig161	contig82	contig83	contig289	contig430	contig431	contig432	contig433	contig437	contig230	contig231	contig128	contig129	contig126	contig127	contig124	contig125	contig123	contig193	contig194	contig276	contig277	contig272	contig273	contig270	contig271	contig158	contig28	contig28	contig29	contig157	contig156	contig97	contig96	contig95	contig339	contig338	contig337	contig336	contig159	contig111	contig110	contig117	contig116	contig115	contig18	contig184	contig183	contig363	contig364	contig367	contig368	contig419
gi|77461965|ref|NC_007493.1|_Rhodobacter_sphaeroides_2.4.1_chromosome_1__complete_sequence	contig39	contig38	contig38	contig37	contig30	contig148	contig149	contig140	contig141	contig142	contig143	contig144	contig145	contig40	contig41	contig42	contig43	contig287	contig286	contig328	contig282	contig281	contig280	contig326	contig327	contig374	contig210	contig211	contig212	contig213	contig216	contig217	contig353	contig352	contig355	contig354	contig357	contig356	contig290	contig52	contig292	contig294	contig297	contig104	contig105	contig106	contig107	contig100	contig101	contig102	contig103	contig171	contig173	contig172	contig175	contig174	contig177	contig176	contig179	contig178	contig259	contig254	contig255	contig256	contig250	contig251	contig315	contig314	contig427	contig425	contig221	contig220	contig220	contig223	contig222	contig227	contig226	contig139	contig138	contig135	contig134	contig131	contig130	contig133	contig132	contig298	contig59	contig58	contig53	contig291	contig51	contig293	contig57	contig56	contig55	contig54	contig7	contig6	contig9	contig8	contig267	contig266	contig261	contig260	contig263	contig262	contig340	contig341	contig344	contig345	contig346	contig347	contig371	contig10	contig283	contig329	contig162	contig163	contig164	contig84	contig85	contig80	contig306	contig307	contig304	contig304	contig305	contig302	contig303	contig301	contig308	contig309	contig438	contig439	contig236	contig237	contig68	contig69	contig66	contig67	contig64	contig65	contig62	contig62	contig63	contig60	contig60	contig61	contig151	contig150	contig376	contig375	contig373	contig372	contig278	contig279	contig408	contig401	contig400	contig407	contig359	contig358	contig351	contig20	contig21	contig24	contig25	contig380	contig381	contig99	contig93	contig92	contig91	contig369	contig333	contig332	contig335	contig335	contig334	contig209	contig208	contig207	contig206	contig205	contig202	contig201	contig200	contig370	contig113	contig112	contig114	contig70	contig73	contig75	contig74	contig77	contig76	contig79	contig78	contig188	contig185	contig186	contig187	contig180	contig249	contig248	contig243	contig242	contig241	contig240	contig247	contig246	contig245	contig244	contig360	contig361	contig362	contig365	contig366	contig412	contig413	contig416	contig417	contig414	contig415
gi|77404592|ref|NC_007488.1|_Rhodobacter_sphaeroides_2.4.1_plasmid_B__complete_sequence	contig285	contig284	contig214	contig215	contig229	contig228	contig16	contig15	contig14	contig13	contig434	contig435	contig196	contig195	contig274	contig275
gi|125654605|ref|NC_009007.1|_Rhodobacter_sphaeroides_2.4.1_plasmid_A__partial_sequence	contig45	contig46	contig218	contig219	contig258	contig257	contig421	contig137	contig136	contig5	contig4	contig265	contig264	contig436	contig238	contig239	contig232	contig233	contig234	contig235	contig199	contig198	contig197	contig409	contig406	contig22	contig23	contig26	contig27	contig382	contig155	contig98	contig331	contig330	contig330	contig330	contig441	contig440	contig88	contig89	contig410	contig411	contig86	contig87
gi|125654693|ref|NC_009008.1|_Rhodobacter_sphaeroides_2.4.1_plasmid_E__partial_sequence	contig170	contig166	contig165	contig169	contig81	contig122	contig120	contig121	contig181	contig181	contig182
gi|77404776|ref|NC_007490.1|_Rhodobacter_sphaeroides_2.4.1_plasmid_D__complete_sequence	contig324	contig325	contig322	contig379	contig295	contig296	contig108	contig109	contig319	contig318	contig424	contig420	contig299	contig3	contig2	contig269	contig268	contig19	contig323	contig300	contig349	contig190	contig404	contig350	contig383	contig152	contig204	contig203	contig119	contig118	contig71	contig72	contig189
