gi|77404693|ref|NC_007489.1|_Rhodobacter_sphaeroides_2.4.1_plasmid_C__complete_sequence	ctg7180000000234	ctg7180000000163	ctg7180000000210
gi|77464988|ref|NC_007494.1|_Rhodobacter_sphaeroides_2.4.1_chromosome_2__complete_sequence	ctg7180000000258	ctg7180000000237	ctg7180000000237	ctg7180000000238	ctg7180000000271	ctg7180000000248	ctg7180000000248	jtg7180000000274f_7180000000275f	jtg7180000000274f_7180000000275f	ctg7180000000178	ctg7180000000190	ctg7180000000252	ctg7180000000268	jtg7180000000273f_7180000000260f	jtg7180000000273f_7180000000260f
gi|77461965|ref|NC_007493.1|_Rhodobacter_sphaeroides_2.4.1_chromosome_1__complete_sequence	jtg7180000000200f_7180000000205r	ctg7180000000266	jtg7180000000182f_7180000000181r	ctg7180000000185	ctg7180000000184	ctg7180000000187	ctg7180000000180	ctg7180000000183	ctg7180000000239	ctg7180000000189	ctg7180000000240	ctg7180000000246	ctg7180000000247	ctg7180000000249	ctg7180000000272	ctg7180000000272	ctg7180000000267	ctg7180000000216	jtg7180000000208r_7180000000257r	jtg7180000000197f_7180000000255f	ctg7180000000193	ctg7180000000196	ctg7180000000207	ctg7180000000195	ctg7180000000264	ctg7180000000198	ctg7180000000173	ctg7180000000261	ctg7180000000254	ctg7180000000256	ctg7180000000251	ctg7180000000250	ctg7180000000253	ctg7180000000179	ctg7180000000259	ctg7180000000259	ctg7180000000268	ctg7180000000276
gi|77404592|ref|NC_007488.1|_Rhodobacter_sphaeroides_2.4.1_plasmid_B__complete_sequence	ctg7180000000277
gi|125654605|ref|NC_009007.1|_Rhodobacter_sphaeroides_2.4.1_plasmid_A__partial_sequence	ctg7180000000166	ctg7180000000164	ctg7180000000277	ctg7180000000265	ctg7180000000263	ctg7180000000169
gi|125654693|ref|NC_009008.1|_Rhodobacter_sphaeroides_2.4.1_plasmid_E__partial_sequence	ctg7180000000270
gi|77404776|ref|NC_007490.1|_Rhodobacter_sphaeroides_2.4.1_plasmid_D__complete_sequence	ctg7180000000168	ctg7180000000162	ctg7180000000241	ctg7180000000232	ctg7180000000269	ctg7180000000262	ctg7180000000263	ctg7180000000263
