gi|77404693|ref|NC_007489.1|_Rhodobacter_sphaeroides_2.4.1_plasmid_C__complete_sequence	contig211	contig219	contig137	contig555	contig553	contig27	contig384	contig12	contig561	contig487
gi|77464988|ref|NC_007494.1|_Rhodobacter_sphaeroides_2.4.1_chromosome_2__complete_sequence	contig38	contig34	contig42	contig320	contig321	contig456	contig454	contig452	contig450	contig451	contig517	contig459	contig279	contig531	contig315	contig314	contig317	contig311	contig310	contig313	contig312	contig319	contig318	contig491	contig496	contig544	contig2	contig1	contig540	contig542	contig543	contig501	contig502	contig503	contig508	contig469	contig468	contig463	contig462	contig461	contig460	contig467	contig466	contig465	contig464	contig322	contig309	contig539	contig433	contig434	contig435	contig437	contig438	contig439	contig532	contig534	contig537	contig536	contig518	contig278	contig478	contig479	contig474	contig470	contig471	contig472	contig473	contig29	contig334	contig445	contig444	contig447	contig446	contig441	contig440	contig443	contig442	contig442	contig523	contig520	contig449	contig527	contig524	contig525	contig528	contig113	contig115	contig114	contig118	contig526	contig526	contig70	contig481	contig480	contig480	contig483	contig482	contig485	contig484	contig486	contig489
gi|77461965|ref|NC_007493.1|_Rhodobacter_sphaeroides_2.4.1_chromosome_1__complete_sequence	contig39	contig30	contig148	contig149	contig143	contig146	contig147	contig40	contig41	contig287	contig286	contig285	contig284	contig328	contig282	contig281	contig324	contig325	contig326	contig327	contig289	contig288	contig457	contig516	contig515	contig271	contig513	contig512	contig458	contig213	contig214	contig215	contig216	contig217	contig218	contig355	contig354	contig357	contig357	contig356	contig294	contig105	contig101	contig108	contig179	contig178	contig258	contig259	contig254	contig255	contig256	contig257	contig250	contig251	contig252	contig253	contig229	contig228	contig228	contig225	contig225	contig224	contig227	contig226	contig270	contig138	contig135	contig134	contig131	contig130	contig133	contig132	contig59	contig290	contig291	contig292	contig57	contig295	contig296	contig6	contig5	contig4	contig9	contig8	contig507	contig509	contig267	contig260	contig342	contig343	contig340	contig269	contig268	contig344	contig17	contig13	contig11	contig10	contig395	contig394	contig394	contig396	contig391	contig391	contig390	contig393	contig329	contig160	contig88	contig89	contig84	contig85	contig86	contig87	contig80	contig81	contig83	contig283	contig323	contig306	contig304	contig305	contig303	contig238	contig239	contig232	contig233	contig230	contig231	contig236	contig237	contig234	contig235	contig18	contig128	contig129	contig125	contig122	contig120	contig121	contig68	contig69	contig67	contig62	contig60	contig193	contig192	contig191	contig194	contig276	contig277	contig274	contig275	contig272	contig273	contig379	contig376	contig375	contig374	contig373	contig370	contig401	contig400	contig402	contig404	contig358	contig351	contig350	contig352	contig28	contig22	contig23	contig20	contig21	contig24	contig25	contig388	contig389	contig387	contig382	contig382	contig383	contig380	contig381	contig157	contig156	contig155	contig154	contig153	contig152	contig151	contig150	contig97	contig96	contig93	contig159	contig158	contig338	contig333	contig333	contig332	contig331	contig330	contig337	contig336	contig208	contig207	contig206	contig205	contig112	contig110	contig119	contig19	contig392	contig73	contig185	contig181	contig182	contig183	contig249	contig243	contig240	contig246	contig245	contig244	contig363	contig364	contig365	contig366	contig367	contig368	contig369
gi|77404592|ref|NC_007488.1|_Rhodobacter_sphaeroides_2.4.1_plasmid_B__complete_sequence	contig220	contig551	contig139	contig7	contig262	contig341	contig14	contig161	contig126	contig116	contig247
gi|125654605|ref|NC_009007.1|_Rhodobacter_sphaeroides_2.4.1_plasmid_A__partial_sequence	contig453	contig210	contig650	contig652	contig653	contig654	contig655	contig316	contig293	contig261	contig617	contig611	contig398	contig164	contig625	contig627	contig620	contig623	contig127	contig123	contig648	contig198	contig606	contig386	contig94	contig634	contig339	contig335	contig203	contig117	contig75	contig649	contig647	contig644	contig640
gi|125654693|ref|NC_009008.1|_Rhodobacter_sphaeroides_2.4.1_plasmid_E__partial_sequence	contig427	contig425	contig15	contig405	contig117	contig117	contig412	contig410	contig414	contig415
gi|77404776|ref|NC_007490.1|_Rhodobacter_sphaeroides_2.4.1_plasmid_D__complete_sequence	contig594	contig140	contig142	contig593	contig280	contig212	contig429	contig428	contig221	contig3	contig595	contig597	contig349	contig599	contig163	contig549	contig124	contig575	contig578	contig580	contig378	contig377	contig403	contig475	contig204	contig399	contig568	contig362
