Assembly	genome.ctg	genome.ctg__2	genome.ctg__3	genome.ctg__4	genome.ctg__5	genome.ctg__6	genome.ctg__7	genome.ctg__8
# misassemblies	20	115	3372	174	2423	219	5311	385
    # relocations	20	114	3367	170	2411	219	5171	378
    # translocations	0	0	0	0	0	0	0	0
    # inversions	0	1	5	4	12	0	140	7
# misassembled contigs	20	100	1069	118	2297	197	2700	358
Misassembled contigs length	98963	1771098	12946575	5344856	6945874	287139	41103208	769621
# local misassemblies	158	244	2256	500	622	31	8180	867
# mismatches	60453	78645	65375	80517	146027	70823	104783	78110
# indels	20672	64632	93721	69534	55058	25345	75116	84544
